KEY_ORGANIZACION,departamento
1,CENTRO DE CAPACITACION CGR
2,CONSULTORIA JURIDICA
3,CONTRALORIA GENERAL DE LA REPUBLICA
4,DEPARTAMENTO DE AUDITORIA LEGAL
5,DEPARTAMENTO DE AUDITORIAS TECNICAS
6,DEPARTAMENTO DE AYUNTAMIENTOS
7,DEPARTAMENTO DE COMUNICACIONES
8,DEPARTAMENTO DE DESARROLLO NORMATIV
9,DEPARTAMENTO DE PLANIFICACION Y DESARROLLO
10,DEPARTAMENTO LEGAL (SEDE)
11,"DEPTO DE SERVICIOS PERSONALES, CIIVLES Y MILITARES"
12,DEPTO. DE SEGUIMIENTO Y CUMPLIMIENTO DE NORMAS
13,"DEPTO. DE SERVICIOS PERSONALES CIVILES, MILITARES"
14,DESPACHO DEL CONTRALOR
15,DESPACHO DEL SUB-CONTRALOR
16,DIR ADMINISTRATIVA Y FINANCIERA
17,DIR DE AUDITORIA DE ING. Y ARQUITEC
18,DIR DE COMUNICACIONES Y REL PUBLICA
19,DIR DE DESARROLLO NORMATIVO
20,DIR. DE TECNOLOGIA DE LA INFORMACION
21,DIRECCION CERTIFICACION DE CONTRATOS
22,DIRECCION DE AUDITORIA INTERNA
23,DIRECCION DE AUDITORIAS ESPECIALES
24,DIRECCION DE AUDITORIAS INTEGRALES
25,DIRECCION DE OPERACIONES
26,DIRECCION DE RECURSOS HUMANOS
27,DIRECCION DE REVISION Y CONTROL DE CALIDAD
28,DIRECCION UNIDADES DE AUDITORIA INTERNA
29,DIVISION DE CAPACITACION Y DESARROL
30,DIVISION DE CERTIFICAC DE CARGOS
31,DIVISION DE CONTABILIDAD
32,DIVISION DE CORRESP Y ARCHIVO
33,DIVISION DE SERVICIOS GENERALES
34,DPTO DE AUDITORIA AGROPEC Y MED AMB
35,FUNDACION ESCUELA NACIONAL DE CONTROL
36,MILITARES
37,OFICINA DE ACCESO A LA INFORMACION
38,PROYECTO EVALUADOR DE PENS Y JUBIL
39,SECCION DE ALMACEN Y SUMINISTROS
40,SECCION DE MAYORDOMIA
41,SECCION DE TRANSPORTACION
42,UAI - CGR
43,UNIDAD DE CONTROL INTERNO
44,CENTRO DECAPACITACION CGR
45,DEPARTAMENTODECOMUNICACIONES
46,DEPARTAMENTOLEGAL (SEDE)
47,"DEPTO DESERVICIOS PERSONALES, CIIVLES Y MILITARES"
48,DEPTO. DESEGUIMIENTO Y CUMPLIMIENTO DE NORMAS
49,"DEPTO. DESERVICIOS PERSONALES CIVILES, MILITARES"
50,UAI-CGR
51,DEPARTAMENTO DE AUDITORIA DE INGENI
52,DIRECDIRECCION DE REVISION Y CONTROL DE CALIDAD
53,DIVISION DE CAPACITACION Y DESARRO
54,"DEPTO DE SERVICIOS PERSONALES, CIIVLES Y MILITARES+A2:D3"
55,DIVISION DE CERITIFICACION DE CARGO
56,CENTRODECAPACITACION CGR
57,DIR DE COMUNICACIONES Y RELPUBLICA
58,DIR DEDESARROLLO NORMATIVO
59,DPTO DE AUDITORIA AGROPEC Y MEDAMB
60,DIRECCION DE AUDITORIA INTERNAE INVESTIGACION
61,DIRECCION DE AUDITORIA INTERNA E INVESTIGACION
62,UAI - DIR CENTRAL SERV. REG. DE SALUD
63,DEPARTAMENTO FINANCIERO
64,DIRECCION DE ANALISIS FINANCIERO
65,DIRECCION DE COMUNICACIONES
66,DIRECCION DE PLANIFICACION Y DESARROLLO
67,DIRECCION DE AUDITORIA ESPECIALES E  INVESTIGACION
68,DIRECCION JURIDICA
69,DIVISION DE COMPRAS Y CONTRATACIONE
70,DEPARTAMENTO DE REGISTRO DE CONTRATOS
71,DEPTO DE AGROPECUARIA Y MED AMBIENTE
72,DEPTO DE APOYO LEGAL
73,DEPTO DE AYUNTAMIENTOS
74,DEPTO DE INGENIERIA Y ARQUITECTURA
75,DIRECCION ADMINISTRATIVA  FINANCIERA
76,DIRECCION DE TECNOLOGIA DE LA INFORMACION Y COMUNI
77,DIRECCION UNIDADES DE AUDITORIA INTERNA GUBERNAMEN
78,DIVI. DE REVISION Y CONTROL DE SOLICITUDES DE PAGO
79,DIVISION DE ADMINISTRACION DEL SERVICIO DE TIC
80,DIVISION DE CAPACITACION Y DESARROLLO
81,DIVISION DE COMPRAS Y CONTRATACIONES
82,DIVISION DE CORRESPONDENCIA Y ARCHIVO
83,DIVISION DE DESARROLLO E IMPLEMENTACION DE SISTEMA
84,DIVISION DE ELABORACIONES DE DOCUMENTOS LEGALES
85,DIVISION DE LITIGIOS
86,DIVISION DE OPERACIONDES TIC
87,DIVISION DE ORGANIZACION DEL TRABAJO Y COMPENSACIO
88,"DIVISION DE REGISTRO, CONTROL Y NOMINA"
89,"DIVISION RECLUTAMIENTO, SELECCION Y EVALUACION DEL"
90,ESCUELA NACIONAL DE CONTROL
91,UAI - CONTRALORIA GENERAL DE LA REP
92,DIRECCION ADMINISTRATIVAFINANCIERA
93,DIRECCION DE AUDITORIA ESPECIALES EINVESTIGACION
94,UAI - CONTRALORIA GENERAL DE LA REP+B25
95,UNIDADADES DE AUDITORIA INTERNA
96,DIRECCION ADMINISTRATIVA FINANCIERA
97,"DIV. DE FORM, MONITOREO Y EVALUCION DE PLANESY P"
98,DIVISION DE CALIDAD EN LA GESTION
99,DIVISION DE DESARROLLO INSTITUCIONAL
100,TESORERIA NACIONAL
101,UAI- INSTITUTO AGRARIO DOMINICANO
102,UAI - ACUARIO NACIONAL
103,UAI - ADMIN DE ESTANCIAS INFANTILES SALUD SEGURA
104,UAI - ADMIN DE RIESGOS LABORALES
105,UAI - ADMIN DE SUBSIDIOS SOCIALES
106,UAI - ARCHIVO GENERAL DE LA NACION
107,UAI - AUTORIDAD PORTUARIA DOMINICANA
108,UAI - BIBLIOTECA NACIONAL PEDRO HENRIQUEZ UREÑA
109,UAI - CAJA DE AHORROS PARA OBREROS MONTE Y PIEDAD
110,UAI - CENTRO DE DESARR Y COMPETITIVIDAD INDUSTRIAL
111,UAI - CENTRO DE DESARROLLO AGROPECUARIO Y FORESTA
112,UAI - CENTRO DE EXPORT E INVERSIONES DE LA REP DOM
113,UAI - CENTRO DE REHABILITACION PSICOSOCIAL
114,UAI - CENTRO EDUCATIVO MONSEÑOR JUAN FELIX PEPEN
115,UAI - COMEDORES ECONOMICOS DEL ESTADO
116,UAI - COMI NAC CONTRA EL LAVADO DE ACTIVOS
117,UAI - COMIS INTERN ASESORA CIENCIA Y TECNOLOGIA
118,UAI - COMIS PRESI DE DESARROLLO PROVINCIAL
119,UAI - COMIS PRESID DE POLITICA FARMACEUTICA NACION
120,UAI - COMIS REGUL DE PRACTICAS DESLEALES
121,UAI - COMIS SECT DE REFO Y MODER DEL SECTOR AGROPE
122,UAI - COMISION HIPICA NACIONAL
123,UAI - COMISION NACIONAL DE CACAO
124,UAI - COMISION NACIONAL DE EMERGENCIAS (DEFENSA CI
125,UAI - COMISION NACIONAL DE ENERGIA
126,UAI - COMISION NACIONAL DE FRONTERAS
127,UAI - COMITE EJECU DE INFRAE EN ZONAS TURISTICAS
128,UAI - CONS NAC DE INVEST AGROPE Y FORESTAL
129,UAI - CONS NAC PARA LA NIÑEZ (CONANI)
130,"UAI - CONS NAC. DE PROM. Y APOYO A LA MICRO, PQUEÑ"
131,UAI - CONS NAC. PARA LA REGL. Y FOMENTO DE LA IND.
132,UAI - CONSE NAC DE PERS ENVEJECIENTE (GABINETE SOC
133,UAI - CONSEJO DOM DE PESCA Y ACUICULTURA
134,UAI - CONSEJO ESTATAL DEL AZUCAR
135,UAI - CONSEJO NAC DE COMPETITIVIDAD
136,UAI - CONSEJO NAC DE CONTROL DE DROGAS
137,UAI - CONSEJO NAC DE ESTANCIAS INFANTILES
138,UAI - CONSEJO NACIONAL DE AGRICULTURA
139,UAI - CONSEJO NACIONAL DE DISCAPACIDAD
140,UAI - CONSEJO NACIONAL DE PROMOCION PECUARIA
141,UAI - CONSEJO NACIONAL DE SEGURIDAD SOCIAL
142,UAI - CONSEJO NACIONAL DE ZONAS FRANCAS
143,UAI - CORP DE ACUED Y ALCANTARILLO DE STO. DGO.
144,UAI - CORP DE FOM DE LA IND. HOTELERA Y DES. DEL T
145,UAI - CORPO ESTATAL DE RADIO Y TELEVISION
146,UAI - CUERPO DE BOMBEROS DE SANTO DOMINGO
147,UAI - CUSTODIA ADMIN DE BIENES INCAUT Y DECOMISADO
148,UAI - DEPARTAMENTO DE SEMILLA
149,UAI - DESPACHO DE LA PRIMERA DAMA
150,UAI - DIR CENTRAL DE LOS SERV REGIONALES
151,UAI - DIR DE ETICA E INTEGRIDAD GUBERNAMENTAL
152,UAI - DIR GENERAL DE BIENES NACIONALES
153,UAI - DIR GENERAL DE COOPERACION MULTILATERAL
154,UAI - DIR GRAL DE COMPRAS Y CONTRATACIONES
155,UAI - DIR GRAL DE COMUNIDAD DIGNA
156,UAI - DIR GRAL DE DESARROLLO DE LA COMUNIDAD
157,UAI - DIR GRAL DE DESARROLLO FRONTERIZO
158,UAI - DIR GRAL DE EMBELLECIMIENTO
159,UAI - DIR GRAL DE ORDEN Y DESARROLLO TERRITORIAL
160,UAI - DIR GRAL. DE SEGURIDAD DE TRANSITO Y TRANSP.
161,UAI - DIR NACIONAL DE CONTROL DE DROGAS
162,UAI - DIRECCION GENERAL DE BELLAS ARTES
163,UAI - DIRECCION GENERAL DE CATASTRO NACIONAL
164,UAI - DIRECCION GENERAL DE CINE
165,UAI - DIRECCION GENERAL DE GANADERIA
166,UAI - DIRECCION GENERAL DE MIGRACION
167,UAI - DIRECCION GENERAL DE PASAPORTE
168,UAI - DIRECCION GRAL DE COMUNICACIONES
169,UAI - DIRECCION GRAL DE PRESUPUESTO
170,UAI - DIV. OBRAS PUBLICAS SANTIAGO
171,UAI - FISCALIA DEL DISTRITO NACIONAL
172,UAI - FONDO ESP PARA EL DESARROLLO AGROPECUARIO
173,UAI - GABINETE SOCIAL DE LA PRESIDENCIA
174,UAI - HOSP. MATERNIDAD NUESTRA SRA. DE LA ALTAGRAC
175,UAI - HOSP. REYNALDO ALMANZAR
176,UAI - HOSP. RICARDO LIMARDO
177,UAI - HOSP. TRAUMATOLOGICO Y QUIRURGICO PROF. JUAN
178,UAI - HOSPITAL ARTURO GRULLON / SANTIAGO
179,UAI - HOSPITAL CABRAL & BAEZ
180,UAI - HOSPITAL DARIO CONTRERAS
181,UAI - HOSPITAL DR. ALEJANDRO CABRAL / SAN JUAN DE
182,UAI - HOSPITAL DR. LUIS MANUEL MORILLO KING
183,UAI - HOSPITAL GENERAL DR.VINICIO CALVENTI
184,UAI - HOSPITAL HUGO DE MENDOZA
185,UAI - HOSPITAL JAIME MOTA / BARAHONA
186,"UAI - HOSPITAL JUAN PABLO PIÑA, SAN CRISTOBAL"
187,UAI - HOSPITAL LUIS EDUARDO AYBAR
188,UAI - HOSPITAL MOSCOSO PUELLO
189,UAI - HOSPITAL NEY ARIAS LORA
190,UAI - HOSPITAL PADRE BILLINI
191,UAI - HOSPITAL PEDRO EMILIO DE MARCHENA
192,UAI - HOSPITAL REGIONAL DR. ANTONIO MUSA
193,UAI - HOSPITAL ROBERT REID
194,UAI - HOSPITAL SAN LORENZO DE LOS MINA
195,UAI - HOSPITAL SAN VICENTE DE PAUL / SAN FCO. MACO
196,UAI - INST DE AGUAS POTABLES Y ALCANTARILLADOS
197,UAI - INST DE FORMACION TECNICO PROFESIONAL
198,UAI - INST DE INNOVACION EN BIOTECNICA E INDUSTRIA
199,UAI - INST DEL TABACO DE LA REPUBLICA DOMINCANA
200,UAI - INST NAC DE ESTABILIZACION DE PRECIOS
201,UAI - INST NAC DE LA ADMINISTRACION PUBLICA
202,UAI - INST NAC DE RECURSOS HIDRAULICOS
203,UAI - INST NAC DEL CANCER ROSA EMILA TAVAREZ
204,UAI - INST NAC. DE ATENCION INT. A LA PRIMERA INFA
205,UAI - INST NACIONAL DE AUXILIOS Y VIVIENDA
206,UAI - INST NACIONAL DE BIENESTAR MAGISTERIAL
207,UAI - INST NACIONAL DE COORDINACION DE TRASPLANTES
208,UAI - INST POLITECNICO LOYOLA DE SAN CRISTOBAL
209,UAI - INST TECNOLOGICO DE LAS AMERICAS
210,UAI - INSTI NAC DE FORM Y CAPACIT DEL MAGISTERIO
211,UAI - INSTI NACIONAL DE BIENESTAR ESTUDIANTIL
212,UAI - INSTITUTO AZUCARERO DOMINICNAO
213,UAI - INSTITUTO DE DESARROLLO Y CREDITO COOPERATIV
214,UAI - INSTITUTO DE INVESTI AGROP Y FORESTALES
215,UAI - INSTITUTO DE TRANSITO TERRESTRE (INTRANT)
216,UAI - INSTITUTO DOMINICANO DE AVIACION CIVIL
217,UAI - INSTITUTO DOMINICANO DE SEGUROS SOCIALES
218,UAI - INSTITUTO DOMINICANO DEL CAFE
219,UAI - INSTITUTO DOMINICANO PARA LA CALIDAD
220,UAI - INSTITUTO DUARTIANO
221,UAI - INSTITUTO NAC. DE LA AGUJA
222,UAI - INSTITUTO NACIONAL DE EDUCACION FISICA
223,UAI - INSTITUTO NACIONAL DE LA UVA
224,UAI - INSTITUTO NACIONAL DE LA VIVIENDA
225,UAI - INSTITUTO POSTAL DOMINICANO
226,UAI - INSTITUTO SALOME UREÑA
227,UAI - JARDIN BOTANICO NACIONAL
228,UAI - LABORATORIO VETERINARIO CENTRAL
229,UAI - LIGA MUNICIPAL DOMINICANA
230,UAI - LOTERIA NACIONAL
231,UAI - MERCA SANTO DOMINGO
232,UAI - MINISTERIOADMINISTRATIVO DE LA PRESIDENCIA
233,UAI - MINISTERIODE ADMINISTRACION PUBLICA (MAP)
234,UAI - MINISTERIODE LA MUJER
235,UAI - MINISTERIODE OBRAS PUBLICAS Y COMUNICACION
236,UAI - MINISTERIODE TURISMO
237,UAI - MINISTERIO DE AGRICULTURA
238,UAI - MINISTERIO DE CULTURA
239,UAI - MINISTERIO DE DEFENSA
240,"UAI - MINISTERIO DE DEPORTES, EDUCACION FISICA Y R"
241,"UAI - MINISTERIO DE ECONOMIA, PLANIFICACION Y DESA"
242,UAI - MINISTERIO DE EDUCACION
243,"UAI - MINISTERIO DE EDUCACION SUPERIOR, CIENCIA Y"
244,UAI - MINISTERIO DE ENERGIA Y MINAS
245,UAI - MINISTERIO DE HACIENDA
246,UAI - MINISTERIO DE INDUSTRIA Y COMERCIO
247,UAI - MINISTERIO DE INTERIOR Y POLICIA
248,UAI - MINISTERIO DE LA JUVENTUD
249,UAI - MINISTERIO DE LA PRESIDENCIA (CASA DE LAS RA
250,UAI - MINISTERIO DE MEDIO AMBIENTE Y RECURSOS NATU
251,UAI - MINISTERIO DE RELACIONES EXTERIORES/ CANCI
252,UAI - MINISTERIO DE SALUD PUBLICA Y ASISTENCIA SOC
253,UAI - MINISTERIO DE TRABAJO
254,UAI - MUSEO DE HISTORIA NATURAL
255,UAI - NUEVO MODELO GESTION PENITENCIARIO
256,UAI - OFICINA COORDINADORA GENERAL DEL FIDEICOMISO
257,UAI - OFICINA DE COOPERACION INTERNACIONAL
258,UAI - OFICINA DE COORDINACION PRESIDENCIAL - UNIDA
259,UAI - OFICINA DE INGENIEROS SUPERVISORES DE OBRAS
260,UAI - OFICINA DE LA DEFENSORIA DEL PUEBLO
261,UAI - OFICINA DE TRATADOS COMERCIALES AGRICOLAS
262,UAI - OFICINA NACIONAL DE EVALUACIACION SISMICA
263,UAI - OFICINA NACIONAL DE METEOROLOGIA
264,UAI - OFICINA NACIONAL DE PROPIEDAD INDUSTRIAL
265,UAI - OFICINA PARA EL REORDENAMIENTO DEL TRANSPORT
266,UAI - OFICINA PRESIDENCIAL DE TECNOLOGIA DE LA INF
267,UAI - OFICINA. METROPOLITANA DE SERVCIOS DE AUTOBU
268,UAI - PARQUE NACIONAL MIRADOR NORTE
269,UAI - PARQUE ZOOLOGICO NACIONAL
270,UAI - PLAN DE ASISTENCIA SOCIAL DE LA PRESIDENCIA
271,UAI - POLICIA NACIONAL
272,UAI - PRO-COMPETENCIA
273,UAI - PROCURADURIA GENERAL DE LA REPUBLICA
274,UAI - PROG. ESPECIALES DE LA PRESIDENCIA (ALFABETI
275,UAI - PROGRAMA DE MEDICAMENTOS ESENCIALES
276,UAI - PROTECCION DE LOS DERECHOS DEL CONSUMIDOR
277,UAI - PROY. DE APOYO A LA TRANSICION COMPETITIVA A
278,UAI - PROYECTO BID (INAPA)
279,UAI - PROYECTO DE LA BARQUITA (DEPENDENCIA DE PRES
280,UAI - REG. 0 SALUD
281,UAI - REG. I SALUD
282,UAI - REG. II SALUD
283,UAI - REGIONAL 12 SANTIAGO - DEP. AGRICULTURA
284,UAI - REGIONAL CENTRAL AGRICULTURA - BANI
285,UAI - REGIONAL ESTE HIGUEY - DEP. AGRICULTURA
286,UAI - REGIONAL III DE SALUD / SAN FCO. MACORIS
287,UAI - REGIONAL IV DE SALUD
288,UAI - REGIONAL OESTE- DEP. AGRICULTURA/LA VEGA
289,UAI - REGIONAL SUROESTE SAN JUAN DE LA MAGUANA - D
290,UAI - REGIONAL VIII DE SALUD / LAVEGA
291,UAI - SISTEMA UNICO DE BENEFICIARIO
292,UAI - SUPERINTENDENCIA DE ELECTRICIDAD
293,UAI - SUPERINTENDENCIA DE PENSIONES
294,UAI - SUPERINTENDENCIA DE SEGUROS
295,UAI - SUPERINTENDENCIA DE VALORES
296,UAI - TEATRO NACIONAL
297,UAI - UNIDAD EJECUTORA DE PIGNORACIONES
298,UAI -INSTITUTO DE LAS TELECOMUNICACIONES
299,UAI -PROGRAMA NAC. DE EDIFICACIONES ESCOLARES
300,DIRECCION DE UNIDADES AUDITORIA INTERNA GUBERNAMEN
301,"UAI - MINISTERIO DE EDUCACIONSUPERIOR, CIENCIA Y"
302,UAI - REG. ISALUD
303,UAI - REG. IISALUD
304,"DIV. DE FORM, MONITOREO Y EVALUACION DE PLANESY"
305,UAI - FONDO PATRIM DE LA EMPRESA PUBLICA (ANTIGUA
306,UAI - HOSP. PATRONATO GRAL. DR. MARCELINO VELEZ-AU
307,"DIV. DE FORM, MONITOREO Y EVALUACION DE PLANES Y"
308,DIR. ADMINISTRATIVA FINANCIERA
309,DEPARTAMENTO DE AUDITOR IAS TECNICAS
310,DIRECCION DE AUDITOR IA ESPECIALES EINVESTIGACION
311,DIRECCION DE AUDITOR IA INTERNA
312,DIRECCION DE UNIDADES AUDITOR IA INTERNA GUBERNAMEN
313,DEPARTAMENTO DE APOYO TECNICO
314,DEPARTAMENTO DE AUDITOR IA DE DESEMPEÑO
315,DEPARTAMENTO DE SEGUIMIENTO A RESULTADOS DE AUDITO
316,DEPARTAMNETO DE EVAL E INVESTIGACION ADTVA.
317,DEPTO. AUDITOR IA INTERNA FINANCIERA
318,UNIDADADES DE AUDITOR IA INTERNA
319,DEPARTAMENTO ADMINISTRATIVO
320,DEPARTAMENTO DE AUDITORIA DE DESEMPEÑO
321,DEPARTAMENTO DE PROTOCOLO
322,DEPTO. AUDITORIA INTERNA FINANCIERA
323,DIRECCION DE ANTIFRAUDE
324,DIVISON DE ACTIVO FIJO
325,UAI - MINISTERIO ADMINISTRATIVO DE LA PRESIDENCIA
326,UAI - MINISTERIO DE ADMINISTRACION PUBLICA (MAP)
327,UAI - MINISTERIO DE LA MUJER
328,UAI - MINISTERIO DE OBRAS PUBLICAS Y COMUNICACION
329,UAI - MINISTERIO DE TURISMO
330,DIRECCION DE AUDITOR IAS INTEGRALES
331,UAI - CONSEJO NACIONAL DE SEGURIDADSOCIAL
332,UAI - DIR GRAL. DE SEGURIDADDE TRANSITO Y TRANSP.
333,COORDINADOR ACADEMICO
334,SUPERVISOR (A)
335,ANALISTA
336,ENCARGADO (A)
337,AUXILIAR ADMINISTRATIVO (A)
338,ENCARGADO DEL DEPARTAMENTO DE
339,AUDITOR TECNICO
340,AUDITOR INGENIERIA Y ARQUITECT
341,SECRETARIA
342,AUXILIAR AUDITORIA
343,AUDITOR II
344,INGENIERO
345,ANALISTA I
346,OFICIAL DE PROTOCOLO
347,RECEPCIONISTA
348,ENCARGADA PROTOCOLO
349,AUXILIAR PROTOCOLO
350,ANALISTA LEGAL
351,ANALISTA FINANCIERO
352,AUDITOR LEGAL
353,ABOGADO (A)
354,ASISTENTE
355,SECRETARIA EJECUTIVA
356,CONTADORA
357,AUXILIAR INVENTARIO DE ACTIVO
358,AGRIMENSOR
359,ABOGADO (A) I
360,AUDITOR III
361,DIRECTOR (A)
362,COORDINADOR (A)
363,AUDITOR I
364,MENSAJERO INTERNO
365,ENCARGADA UNIDAD DE AUDITORIA
366,ANALISTA II
367,SUPERVISORA
368,SOPORTE TECNICO
369,CHOFER II
370,ANALISTA III
371,CHOFER III
372,ASESOR (A)
373,ASESOR
374,ASISTENTE CONTRALOR
375,GERENTE
376,CAMARERO DEL DESPACHO
377,ASESOR CONTRALOR
378,SECRETARIO (A)
379,CONTRALOR GENERAL DE LA REPUBL
380,ASISTENTE SUB-CONTRALOR
381,SUB-CONTRALOR GENERAL DE LA RE
382,CHOFER I
383,PERIODISTA
384,ENC. AUDITORIA INTERNA
385,MENSAJERO EXTERNO
386,MENSAJERO
387,ANALISTA DE COMPRAS II
388,INVESTIGADORA
389,AUXILIAR ADMINISTRATIVO I
390,COORD. ANALISIS SOLICITUDES
391,ESPECIALISTA
392,ENCARGADO DE UNIDAD
393,AUDITOR
394,ENCARGADO AUDITORIA
395,ENCARGADA UAI
396,SUPERVISORA AUDITORIA
397,ENCARGADO DE DEPARTAMENTO
398,ENCARGADO UNIDAD
399,SUB ENCARGADO DEPTO.
400,ADMINISTRADOR DE REDES
401,ENCARGADO(A) DEPARTAMENTO
402,SUPERVISOR (A) AUDITOR
403,SUPERVISOR AUDITORIA INTERNA
404,ENCARGADO UNIDAD DE AUDITORIA
405,SUPERVISOR AUDITORIA
406,SUB ENCARGADA
407,ENCARGADO PRENSA
408,DIRECTOR DE COMUNICACIONES
409,ENCARGADA DIVISION
410,DISEÑADOR GRAFICO
411,COORDINADOR DE PROCESOS
412,ANALISTA COMP. Y BENEFICIOS
413,ENCARGADO (A) RECLUTAMIENTO Y
414,MEDICO
415,ENCARGADA DIVISION CAPACITACIO
416,ANALISTA RECLU. SELEC. Y EVALU
417,ANALISTA DE RECURSOS HUMANOS
418,ANALISTA RECURSOS HUMANOS I
419,ADMINISTRADOR DE SERVIDORES Y
420,PROGRAMADOR
421,ENCARGADO DE LA DIVISION DE ES
422,ANALISTA SISTEMAS INFORMATICOS
423,ENCARGADO PROG. Y SISTEMAS
424,SOPORTE A USUARIOS I
425,ENCARGADO DE LA DIVISION DE SE
426,ADMINISTRADOR (A)
427,ADMINISTRADOR BASE DE DATOS
428,SUPERVISOR LA UAI
429,SUPERVISORA AUDITORIA INTERNA
430,ABOGADO (A) II
431,AUXILIAR
432,AUXILIAR INGENIERIA
433,ANALISTA DE SEGUIMIENTO
434,TECNICO DE COMPRAS
435,DIGITADOR (A)
436,AUXILIAR LEGAL
437,SOPORTE USUARIO
438,ENC. SOPORTE TECNICO
439,AUXILIAR ADMINISTRATIVO II
440,ENC. DIV. CERTIF. CARGOS
441,SEGURIDAD
442,ENC. ACTIVO FIJO
443,ANALISTA NOMINAS
444,ANALISTA DE EJEC. PRESUPUESTAR
445,ENC. DE ARCHIVO
446,ARCHIVISTA
447,ENCARGADO (A)  ARCHIVO
448,ANALISTA SISTEMAS
449,PROGRAMADOR SENIOR
450,ENCARGADO DIVISION
451,SECRETARIA I
452,PROGRAMADOR BASE DE DATOS
453,ADMINISTRADOR SIST. INFORMACIO
454,ADMINISTRADOR SERVIDORES
455,AUXILIAR DE RECURSOS HUMANOS
456,PLOMERO
457,ELECTRICISTA
458,AYUDANTE DE MANTENIMIENTO
459,SUPERVISOR MANTENIMIENTO
460,CONSERJE
461,TECNICO ELECTRICO
462,PINTOR
463,COORDINADOR ADMINISTRATIVO Y F
464,COORDINADOR ADMINISTRATIVO
465,FACILITADOR
466,COORDINADOR (A) GENERAL
467,SEGURIDAD MILITAR
468,ENCARGADO DE SEGURIDAD
469,CHOFER
470,SEGURIDAD TLC
471,PARALEGAL
472,ENC. MAYORDOMIA
473,SUPERVISOR MAYORDOMIA
474,AUXILIAR TRANSPORTACION
475,PARQUEADOR
476,MECANICO
477,LAVADOR VEHICULOS
478,SOPORTE INFORMATICO
479,ASISTENTE ADMINISTRATIVO
480,AUXILIAR ABOGADO
481,ENCARGADA INTERINA
482,REVISOR
483,DIGITADOR
484,ENCARGADA DEPARTAMENTO DE AUDI
485,ENC.DIVISION DE NOMINAS
486,ENC. DEPARTAMENTO OPERACIONES
487,ENC. DIV. LITIGIOS
488,SUPERVISOR (A) MAYORDOMIA
489,ENC. ORGANIZACION DEL TRABAJO
490,SUB ENCARGADO
491,ASISTENTE DEL DESPACHO
492,ENCARGADO DE DIVISION
493,ENCARGADO (A) DIVISION DE LITI
494,ENCARGADO (A) DIVISION DE REGI
495,ANALISTA CAPACITACION
496,ENC. DIVISION DE CAPACITACION
497,ENCARGADO (A) DIVISION SERVICI
498,AUDITORA
499,TECNICO EN ARCHIVO Y CORRESPON
500,TECNICO
501,ENCARGADO DIVISION DESARROLLO
502,TECNICO DE RECURSOS HUMANOS
503,COORD. DE PROYECTOS
504,TECNICO DE PLANIFICACION
505,TECNICO DE DATOS ESTADISTICOS
506,GESTOR DE PROTOCOLO
507,TECNICO CONTABILIDAD
508,ANALISTA PRESUPUESTO
509,ANALISTA DE INTELIGENCIA DE DA
510,ENC. DIV. CALIDAD EN LA GESTIO
511,TECNICO ADMINISTRATIVO
512,INVESTIGADOR (A)
513,AUDITOR INGENIERIA Y ARQUITEC
514,CONTRALOR GENERAL DE LA REPUBLICA
515,SUB-CONTRALOR GENERAL DE LA R
516,ENCARGADA DEPARTAMENTO DE AUD
517,ANALISTA DE RELACIONES LABORALES
518,ENCARGADO (A) DIVISION DE REG
519,ANALISTA RECLU. SELEC. Y EVAL
520,ANALISTA SISTEMAS INFORMATICO
521,ADMINISTRADOR SIST. INFORMACI
522,ENCARGADO DE LA DIVISION DE S
523,TECNICO EN ARCHIVO Y CORRESPONDENCIA
524,ABOGADO DE DOCUMENTOS LEGALES
525,ENCARGADO (A) DIVISION DE LIT
526,ANALISTA DE EJEC. PRESUPUESTA
527,TECNICO EN ARCHIVO Y CORRESPO
528,ENCARGADO (A) DIVISION SERVIC
529,COORDINADOR ADMINISTRATIVO Y
530,ENCARGADO (A) UNIDAD DE AUDITORIA INTERNA
531,DESARROLLADOR
532,ANALISTA DE SEGURIDAD DE LA INFORMACION
533,ANALISTA DE AYUNTAMIENTO
534,AUDITOR DE AYUNTAMIENTOS
535,ANALISTA DE REGISTRO DE CONTRATO
536,ANALISTA FINANCIERO DE REGISTRO DE CONTRATO
537,ANALISTA LEGAL DE REGISTRO DE CONTRATO
538,ANALISTA DE CONTROL INTERNO
539,TECNICO DE ARCHIVO
540,AUXILIAR DE AUDITORIA INTERNA
541,AUDITOR INTERNO GUBERNAMENTAL
542,AUXILIAR DE CORRESPONDENCIA
543,AUX. CORRESPONDENCIA
544,AUDITOR INTERNO
545,ANALISTA DE SEGURIDAD DE LA IN
546,ANALISTA RELACIONES LABORALES
547,ANALISTA CONTROL INTERNO
548,ANALISTA DE COMPRAS Y CONTRATA
549,SUPERVISOR TRANSPORTACION
550,UNIDAD DE AUDITORIA GUBERNAMENTAL- PROINDUSTRIA
551,UNIDAD DE AUDITORIA GUBERNAMENTAL- MINISTERIO DE LA PRESIDENCIA (CASA DE LAS RAICES)
552,UNIDAD DE AUDITORIA GUBERNAMENTAL- CNSS
553,SECCION DE ALMACEN Y SUMINISTRO
554,OFICINA DE ACCESO A LA TRANSPORTACION
555,ESCUELA NACIONAL DE CONTROL INTERNO
556,DIVISION DE REVISION Y CONTROL DE SOLICITUDES DE PAGOS
557,DIVISION DE PRESUPUESTO
558,DIVISION DE CERTIFICACION DE CARGOS
559,DIVISION DE AUDITORIA A INSTITUCIONES SIN FINES DE LUCRO
560,DIRECCION DE UNIDADES DE AUDITORIA INTERNA GUBERNAMENTAL
561,DIRECCION DE TECNOLOGIA DE LA TRANSPORTACION Y COMUNICACION
562,DIRECCION DE DESARROLLO NORMATIVO
563,DIRECCION DE AUDITORIAS ESPECIALES E INVESTIGACION
564,DESPACHO SUB-CONTRALOR
565,"DEPARTAMENTO DE SERVICIOS PERSONALES, CIVILES Y MILITARES"
566,DEPARTAMENTO DE SEGURIDAD
567,DEPARTAMENTO DE SEGUIMIENTO A RESULTADOS
568,DEPARTAMENTO DE INGENIERIA Y ARQUITECTURA
569,DEPARTAMENTO DE EVALUACION E INVESTIGACION ADMINISTRATIVA
570,DEPARTAMENTO DE AUDITORIA INTERNA FINANCIERA Y CUMPLIMIENTO
571,DEPARTAMENTO DE APOYO LEGAL
572,DEPARTAMENTO DE AGROPECUARIA Y MEDIO AMBIENTE
573,ANTIFRAUDE
574,TECNICO EN REFRIGERACION
575,AUXILIAR AUDITORIA INTERNA
576,ANALISTA EVALUACION DESEMPEÑO
577,ANALISTA DE CALIDAD
578,AUDITOR DE SALUD
579,AUDITOR DE AGROPECUARIA Y MEDI
580,ENC. DPTO. ADMINISTRATIVO
581,COORDINADOR(A) DE INVESTIGACION
